,City
0,Punta Gorda
1,Phoenix
2,Pontiac
3,Port Neches
4,Portales
5,Post Falls
6,Dayton
7,Deming
8,Destin
9,Grandville
10,Green Valley
11,Greendale
12,Havre De Grace
13,Hazelwood
14,Hicksville
15,Harrison
16,Taunton
17,Tepeaca
18,Tequila
19,Toluca
20,Ixtaczoquitlan
21,Isla
22,Trenton
23,Trujillo Alto
24,Two Rivers
25,Tysons Corner
26,Willowbrook
27,Wilmette
28,Wolf Trap
29,Woodhaven
30,Yankton
31,West Carrollton City
32,Whitehorse
33,Williamsport
34,Fox Lake
35,Friendly
36,Hoffman Estates
37,Holly Springs
38,Tamiami
39,Zimatlan
40,Zinacantepec
41,Acuautla
42,Acworth
43,Adelphi
44,Alabaster
45,Alma
46,Antioch
47,Apaseo El Grande
48,Bartlesville
49,Chilpancingo
50,Cimarron Hills
51,Cooper City
52,Copperas Cove
53,Cotija
54,Cypress Lake
55,Bedford
56,Berwick
57,Beverly
58,North Andrews Gardens
59,Northbridge
60,Nuevo Casas Grandes
61,Oak Lawn
62,Oakdale
63,Orem
64,Orinda
65,Parkville
66,Pasadena
67,Pataskala
68,Pelham
69,Perote
70,Saint Matthews
71,Saint Pete Beach
72,Saint Thomas
73,Prichard
74,Prince George
75,Purepero
76,Rahway
77,Plum
78,Poughkeepsie
79,Randallstown
80,Richardson
81,Richmond
82,Daly City
83,Dumas
84,Dyersburg
85,Eatontown
86,Ebano
87,El Campo
88,El Pueblito
89,Ellicott City
90,Golden Glades
91,Granger
92,Grants Pass
93,Guasave
94,Fort Walton Beach
95,Fountain Hills
96,Fountain
97,Front Royal
98,Lake Jackson
99,Lakeside
100,Magnolia
101,Maitland
102,Hanahan
103,Hauppauge
104,Hayward
105,Hoboken
106,Killeen
107,La Barca
108,La Presa
109,Jilotepec
110,Kearns
111,Kerrville
112,Kettering
113,Mashpee
114,Merriam
115,Merrill
116,Moscow
117,Muna
118,Naranjos
119,New Lenox
120,Kingsgate
121,Klamath Falls
122,Littleton
123,Lochearn
124,La Joya
125,Lady Lake
126,Las Margaritas
127,Leominster
128,Leon
129,Lighthouse Point
130,Kaukauna
131,Mountlake Terrace
132,Muskego
133,League City
134,Lennox
135,Lockhart
136,Los Reyes Acozac
137,Machesney Park
138,La Piedad
139,Matteson
140,Ecorse
141,Elko
142,Enumclaw
143,Etzatlan
144,Fairview Heights
145,Falls Church
146,Fort Atkinson
147,Fort Morgan
148,Gladeview
149,Goodings Grove
150,Grand Junction
151,Greeneville
152,Greenwood Village
153,Hollins
154,Hot Springs
155,Huatusco
156,Hunucma
157,Hallandale Beach
158,Havelock
159,Healdsburg
160,Hialeah
161,Frisco
162,Gardner
163,Middleburg Heights
164,Millcreek
165,Milledgeville
166,Montebello
167,Muscle Shoals
168,Nanchital
169,Narragansett
170,Nesconset
171,New Haven
172,New Iberia
173,Pickerington
174,Powell River
175,Olive Branch
176,Oregon City
177,Ormond Beach
178,Paradise Valley
179,Patchogue
180,Pearland
181,Dracut
182,East Islip
183,East Rockaway
184,Empalme
185,Erlanger
186,Fernandina Beach
187,Finneytown
188,Florham Park
189,Gabriel Leyva Solano
190,Garden Acres
191,Plattsburgh
192,Lake Havasu City
193,Laramie
194,Lino Lakes
195,Los Angeles
196,Sierra Madre
197,Sierra Vista
198,Siloam Springs
199,Sacramento
200,Reynoldsburg
201,Richland
202,Rio Grande
203,Saint Hyacinthe
204,Salamanca
205,Daphne
206,Deerfield
207,Sebastian
208,Wood River
209,Xalpa
210,West Haverstraw
211,West Point
212,Western Springs
213,Westford
214,Williamsburg
215,Winter Haven
216,Wisconsin Rapids
217,Michigan City
218,Middletown
219,Milford Mill
220,Mira Loma
221,Montemorelos
222,Moorhead
223,Moroleon
224,Moses Lake
225,Mundelein
226,Natchez
227,New Port Richey
228,North Fort Myers
229,North Tonawanda
230,Oak Creek
231,Old Saybrook
232,Collinsville
233,Coral Gables
234,Corner Brook
235,Coronado
236,Corvallis
237,Country Club Hills
238,Crest Hill
239,Crestwood
240,Brockton
241,Brooklyn Park
242,Brookside
243,Campbell River
244,Carney
245,Carrollton
246,Catemaco
247,Daytona Beach
248,Chaska
249,Chichihualco
250,Chicoloapan
251,Chubbuck
252,Clarksburg
253,Clarksdale
254,East Point
255,Edmundston
256,Emporia
257,Fairmount
258,Florin
259,Forest Hills
260,Forrest City
261,Banderilla
262,Beach Park
263,Beloeil
264,Bergenfield
265,Biddeford
266,Bloomfield
267,Boardman
268,Bridgewater
269,Burlingame
270,Calpulalpan
271,Campbell
272,Cape Canaveral
273,Castlewood
274,Chihuahua
275,Cinnaminson
276,Clark
277,Acahualco
278,Alice
279,Alpena
280,Annandale
281,Atoyac
282,Princeton
283,Racine
284,Raymond
285,Redland
286,Rio Rancho
287,Riverbank
288,Riverdale
289,Ronkonkoma
290,Royal Oak
291,Salinas
292,Papasquiaro
293,Pawtucket
294,Plainview
295,Pleasant Hill
296,Abbotsford
297,Ada
298,Adolfo Ruiz Cortines
299,Angleton
300,Portland
301,Potomac
302,Scotch Plains
303,Selma
304,Sikeston
305,Somerset
306,South Ogden
307,Spring Valley
308,Stanford
309,Sayville
310,Schaumburg
311,Scituate
312,Villa De Alvarez
313,Villagran
314,Wade Hampton
315,Waianae
316,Walpole
317,Allende
318,Alpharetta
319,Arkadelphia
320,Babylon
321,Bochil
322,Brattleboro
323,Cacahoatan
324,Cacalomacan
325,Canon City
326,Casas Adobes
327,Tamarac
328,Taylorville
329,Tecoman
330,Tecuala
331,Tejupilco
332,Tempe
333,Temple Terrace
334,Tenancingo
335,Terrell
336,The Colony
337,Tijuana
338,Union Hidalgo
339,Universal City
340,Vega Alta
341,Walker
342,Wells
343,West Bend
344,West Saint Paul
345,Wetaskiwin
346,Willimantic
347,Winnetka
348,Woodbury
349,Wright
350,Yahualica
351,Yeadon
352,Bethel Park
353,Big Spring
354,Bound Brook
355,South Lyon
356,South River
357,Suisun City
358,Sun Prairie
359,Upper Arlington
360,Valinda
361,Ewa Beach
362,Fallbrook
363,Florissant
364,Forest Park
365,Oregon
366,Oswego
367,Palau
368,Papillion
369,Pharr
370,Philadelphia
371,Pineville
372,Quartz Hill
373,Rosenberg
374,Russellville
375,Rye
376,Saint Helens
377,Salina Cruz
378,San German
379,San Pablo
380,Santa Clara
381,Sebring
382,Riverton
383,Rocklin
384,Romita
385,North Massapequa
386,Norwood
387,Novato
388,Nueva Rosita
389,Oakton
390,South Pasadena
391,Springdale
392,Stow
393,Sun City
394,Ken Caryl
395,Kendall
396,Jeffersonville
397,Jollyville
398,Juarez
399,Ixtepec
400,Tlajomulco
401,Tlapacoyan
402,Tlaxcalancingo
403,Shelbyville
404,South Burlington
405,Southglenn
406,Springville
407,Staunton
408,Stoughton
409,Sanctorum
410,Sanford
411,Sarnia
412,Sherwood
413,Signal Hill
414,Silver Spring
415,Smiths Falls
416,Glen Carbon
417,Grand Haven
418,Green Haven
419,Greencastle
420,Grenada
421,Griffin
422,Groves
423,Guelph
424,Harrisburg
425,Hayden
426,Hollister
427,Hope
428,Huntington Station
429,Jimenez
430,Fort Saint John
431,Fortuna Foothills
432,Fraser
433,Fresnillo
434,Galt
435,Exeter
436,Fairview
437,Folsom
438,Forestville
439,Fort Collins
440,Chapala
441,Charlottesville
442,Chicopee
443,Chillicothe
444,Bloomingdale
445,Blue Ash
446,Boca Raton
447,Brown Deer
448,Buena Park
449,Butler
450,Calpan
451,Calumet City
452,Canyon
453,Carrboro
454,Castanos
455,Atlanta
456,Atlantic City
457,Bathurst
458,Cloverleaf
459,Clute
460,Concord
461,Cornwall
462,Costa Mesa
463,Beavercreek
464,Belvedere Park
465,Glen Rock
466,Glendale
467,Golden
468,Grand Forks
469,Greenville
470,Hillsborough
471,Holliston
472,Hyattsville
473,Indian Trail
474,Ixmiquilpan
475,Jerez
476,Kenner
477,San Francisco Del Rincon
478,San Nicolas De Los Garza
479,Sandy Springs
480,Santa Monica
481,Coconut Creek
482,Conroe
483,Courtenay
484,Cowansville
485,Creve Coeur
486,Chapel Hill
487,Chiautempan
488,Chimalhuacan
489,Clearfield
490,Oskaloosa
491,Owings Mills
492,Pachuca
493,Palatine
494,Panama City
495,Weston
496,Winter Park
497,Wyckoff
498,Xalatlaco
499,Xoxocotla
500,Wilkinsburg
501,Willmar
502,Winston Salem
503,Walker Mill
504,Matane
505,Menomonee Falls
506,Minatitlan
507,Monroe
508,Mount Vernon
509,Tarboro
510,Tepatlaxco
511,Tierra Blanca
512,Nashville
513,New Providence
514,Norland
515,North Versailles
516,Tuckahoe
517,Vacaville
518,Kissimmee
519,La Antigua
520,Massena
521,Merrick
522,Metepec
523,Methuen
524,Lerdo
525,Lopez Mateos
526,Lufkin
527,Lynnfield
528,Mableton
529,Irvington
530,Ixtapa
531,Jefferson City
532,Jeffersontown
533,Johnston
534,Bellaire
535,Boulder
536,Bradenton
537,Brentwood
538,Holland
539,Homestead
540,Grafton
541,Granby
542,Gurnee
543,Hacienda Heights
544,Hermosa Beach
545,Imperial Beach
546,Jamay
547,Kearney
548,Kingman
549,Tapachula
550,Napa
551,New City
552,Manassas Park
553,Maple Grove
554,Walnut
555,Weirton
556,Leamington
557,Lewisburg
558,Lincolnton
559,Lockport
560,Longmont
561,Longwood
562,Kuna
563,La Marque
564,Mankato
565,Austin
566,Avondale
567,Altadena
568,Apaxco
569,Yautepec
570,Ypsilanti
571,Dedham
572,Des Moines
573,Dix Hills
574,Wenatchee
575,West Orange
576,West Warwick
577,Woodmere
578,Torreon
579,Tumwater
580,South Yarmouth
581,Southbury
582,Spanish Lake
583,San Angelo
584,Saint Louis
585,Regina
586,Richmond West
587,Ridgeland
588,Rocky Mount
589,Rocky River
590,Rossville
591,Severna Park
592,Acajete
593,Acayucan
594,Addison
595,Agoura Hills
596,Ajalpan
597,Alamo
598,Albemarle
599,Amherstburg
600,Alpine
601,Apex
602,Arcata
603,Palo Alto
604,Panotla
605,Parksville
606,Parlier
607,Parole
608,Payson
609,Beecher
610,Berkley
611,Brooklyn Center
612,Cabo San Lucas
613,Canatlan
614,Canmore
615,Centralia
616,Bowling Green
617,Newnan
618,Norfolk
619,North Bellmore
620,North Valley Stream
621,Chicago Ridge
622,Chico
623,Cicero
624,Commerce City
625,Abington
626,Agawam
627,Albany
628,Albuquerque
629,Canyon Lake
630,Catonsville
631,Celina
632,Champaign
633,Baker
634,Ballwin
635,Bayonne
636,Broomfield
637,Camarillo
638,Teaneck
639,Texcoco
640,Tlaxcoapan
641,Tultitlan
642,Venustiano Carranza
643,Enid
644,Excelsior Springs
645,Ferry Pass
646,Fountain Valley
647,Franklin
648,Galion
649,Garden City
650,Gardena
651,Delray Beach
652,Derby
653,Dublin
654,Eagan
655,East Brainerd
656,East Hartford
657,El Mante
658,Round Rock
659,Rubidoux
660,Salaberry De Valleyfield
661,Spencer
662,Statesville
663,Picayune
664,Pinellas Park
665,Plainfield
666,Port Hueneme
667,Progreso Industrial
668,Ramsey
669,Rehoboth
670,Rincon De Romos
671,Rio Grande City
672,Riverside
673,Opportunity
674,Ossining
675,Ozumba
676,Palm Desert
677,Palos Heights
678,Pasco
679,Pearl City
680,Contla
681,Crystal Lake
682,Pennsville
683,Pensacola
684,Perry Hall
685,Mayfield Heights
686,Midvale
687,Milpitas
688,Minneapolis
689,Moyotzingo
690,Nanticoke
691,East Brunswick
692,East Hemet
693,East Lake
694,Elk Grove Village
695,Ellensburg
696,Dothan
697,Marshfield
698,Modesto
699,Metairie
700,Albert Lea
701,Dobbs Ferry
702,La Palma
703,La Vista
704,Las Varas
705,Lemon Grove
706,Lewisville
707,Linares
708,Longview
709,Scott Lake
710,Scottsdale
711,Seven Hills
712,South Elgin
713,Stratford
714,San Juan De La Vega
715,Battle Creek
716,Beaumont
717,Bixby
718,Blacksburg
719,Bon Air
720,Buenos Aires
721,Caborca
722,Cary
723,Chetumal
724,Clifton
725,Tehachapi
726,Terrace
727,The Woodlands
728,Thousand Oaks
729,Topeka
730,Tototlan
731,Trotwood
732,Tallmadge
733,Oro Valley
734,Oviedo
735,Owen Sound
736,Pedley
737,Peru
738,Quiroga
739,Placerville
740,Pleasant Prairie
741,Opa Locka
742,Orangevale
743,Oshawa
744,Pacific Grove
745,Palisades Park
746,Redlands
747,Rochester Hills
748,Rock Hill
749,Madison Heights
750,Commerce
751,Cozumel
752,Plover
753,Port Saint John
754,Sabinas
755,San Juan De Los Lagos
756,San Julian
757,San Pablo De Las Salinas
758,Papalotla
759,Bainbridge
760,Balch Springs
761,Black Forest
762,Brainerd
763,Bellview
764,Ashland
765,Azalea Park
766,South Lake Tahoe
767,South Venice
768,South Whittier
769,Struthers
770,Sycamore
771,La Crosse
772,La Vergne
773,Lancaster
774,Laurinburg
775,Live Oak
776,Loma Linda
777,Lorton
778,Los Altos
779,Lyndon
780,Defiance
781,Diamond Bar
782,Douglas
783,Dundalk
784,Durango
785,Edmond
786,Edmonds
787,El Colomo
788,Elizabethton
789,Gaithersburg
790,Gilbert
791,Fairfield
792,Fargo
793,Forest Hill
794,Melchor Ocampo
795,Merced
796,Middlesex
797,Millbury
798,Mineral Wells
799,Missouri City
800,Mixquiahuala
801,Morelia
802,Muscatine
803,New Kensington
804,Nochistlan
805,Sylvania
806,Tepatepec
807,Tepic
808,Tigard
809,Timberlake
810,Tlalcilalcalpan
811,Troy
812,Tuxpan
813,Utica
814,Winchendon
815,Winona
816,Winter Springs
817,Villa Union
818,Wareham
819,Massillon
820,Maumee
821,Menlo Park
822,Meriden
823,Mount Clemens
824,Galesburg
825,Eugene
826,Evergreen Park
827,Farmington
828,Floral Park
829,Atchison
830,Attleboro
831,Bartow
832,Bell
833,Circleville
834,Burr Ridge
835,Calimaya
836,Coalcoman
837,Comonfort
838,Coral Hills
839,Coralville
840,Cortazar
841,Aloha
842,Altoona
843,Altus
844,Amozoc
845,Sherman
846,South Valley
847,Southern Pines
848,Spartanburg
849,Sahuayo
850,Saint Joseph
851,Sanger
852,Santa Fe Springs
853,Saraland
854,Alamogordo
855,Aldine
856,Altamont
857,Apizaco
858,Arbutus
859,Arriaga
860,Sheridan
861,Teopisca
862,Thunder Bay
863,Tinley Park
864,Tlalnepantla
865,Trumbull
866,Tualatin
867,University Heights
868,Vicksburg
869,Vidor
870,Sarasota Springs
871,Schiller Park
872,Scottsbluff
873,Seaside
874,Martinsville
875,Marysville
876,Mequon
877,Millington
878,Miramar
879,Natchitoches
880,Needham
881,New Albany
882,New Milford
883,Nezahualcoyotl
884,North Bergen
885,Oak Park
886,Dinuba
887,Druid Hills
888,Dunwoody
889,Edison
890,El Salto
891,Ephrata
892,Ferndale
893,Forest Grove
894,Gautier
895,West Caldwell
896,West Pensacola
897,West University Place
898,Westchester
899,Wildomar
900,Wilkes Barre
901,Winder
902,Winslow
903,Woodstock
904,Wyandotte
905,Xenia
906,Armeria
907,Ashwaubenon
908,Back Mountain
909,Burkburnett
910,Burlington
911,Cadereyta
912,Carpentersville
913,Carver
914,Cayce
915,Chelsea
916,Chicago
917,Cintalapa
918,Clarksville
919,Cohoes
920,Colton
921,Comalcalco
922,Conyers
923,Coquimatlan
924,Coscomatepec
925,Cosoleacaque
926,Delaware
927,Derry
928,East Liverpool
929,El Rosario
930,Cheney
931,Clemson
932,Cliffside Park
933,Cobourg
934,Collingswood
935,Columbia Heights
936,Cordele
937,Crofton
938,Apache Junction
939,Apopka
940,Fall River
941,Flowing Wells
942,Bell Gardens
943,Bellefontaine Neighbors
944,Bolingbrook
945,Fullerton
946,Dunedin
947,Durant
948,Edwardsville
949,Zacatlan
950,Zinacatepec
951,West Seneca
952,Indianapolis
953,Jocotepec
954,Juan Aldama
955,Kailua
956,Glace Bay
957,Haysville
958,Hendersonville
959,Hobe Sound
960,Endicott
961,Fairmont
962,Fitchburg
963,Millbrae
964,Minnetonka
965,Monsey
966,Moraga
967,Nederland
968,North Bay
969,Ocozocoautla
970,Okolona
971,Mount Lebanon
972,Mukilteo
973,Murfreesboro
974,Myrtle Grove
975,Saint James
976,Orangeburg
977,Orangeville
978,Parras
979,Pembroke Pines
980,Perry
981,Irapuato
982,Ixtlan Del Rio
983,Jonesboro
984,Redding
985,Teotihuacan
986,Tepotzotlan
987,Texas City
988,Tizimin
989,Tultepec
990,Union City
991,Villa Park
992,Wailuku
993,Waverly
994,Laguna Hills
995,Lincoln Park
996,Larkspur
997,Liberal
998,Magna
999,Manchester
1000,Roosevelt
1001,Rossmoor
1002,Roswell
1003,Rowland Heights
1004,Rowlett
1005,Saint Ann
1006,San Luis Rio Colorado
1007,Santa Anita
1008,Santa Fe
1009,Riverview
1010,Surprise
1011,Susanville
1012,South Bradenton
1013,South Farmingdale
1014,South Gate
1015,South San Francisco
1016,Suffolk
1017,Sun City West
1018,Walnut Creek
1019,Waunakee
1020,Fridley
1021,Fuquay Varina
1022,Gadsden
1023,General Escobedo
1024,Humble
1025,Keokuk
1026,Canyon Rim
1027,Casselberry
1028,Chester
1029,Chiautla
1030,Chickasha
1031,Chula Vista
1032,Clearlake
1033,Cochrane
1034,Colchester
1035,Coral Terrace
1036,Country Club
1037,Beckley
1038,Bella Vista
1039,Belleville
1040,Bonham
1041,Burien
1042,Campeche
1043,Campo Gobierno
1044,Blackfoot
1045,Bloomington
1046,Bonney Lake
1047,Bothell
1048,Bullhead City
1049,Cerritos
1050,Chandler
1051,Acambaro
1052,Allentown
1053,Alliance
1054,Alsip
1055,Ankeny
1056,Arkansas City
1057,Aspen Hill
1058,Atwater
1059,Aventura
1060,Azle
1061,Bay Roberts
1062,Ajijic
1063,Amesbury
1064,Auburn
1065,Avocado Heights
1066,Sioux City
1067,Beltsville
1068,Benbrook
1069,Benito Juarez
1070,Providence
1071,Rancho Mirage
1072,Rialto
1073,Ridgefield Park
1074,Rohnert Park
1075,Salem
1076,San Antonio La Isla
1077,San Carlos
1078,Mount Holly
1079,Mountain View
1080,New Rochelle
1081,Oakland Park
1082,Old Bridge
1083,Mays Chapel
1084,Miami
1085,Monterey Park
1086,Lake Elsinore
1087,Longmeadow
1088,Maneadero
1089,Marfil
1090,Kirksville
1091,Kittery
1092,Joliet
1093,Kenmore
1094,Ringwood
1095,Ripon
1096,River Ridge
1097,Poanas
1098,Pocatello
1099,Prince Albert
1100,Bryan
1101,California City
1102,Bayonet Point
1103,Canoa
1104,Catano
1105,Cave Spring
1106,Cedar Mill
1107,Cedar Rapids
1108,King City
1109,Kingsville
1110,Largo
1111,Lenexa
1112,Lethbridge
1113,Glen Allen
1114,Hackensack
1115,Ham Lake
1116,Hazel Park
1117,Highland
1118,Silao
1119,Davis
1120,Dennis
1121,East Riverdale
1122,El Segundo
1123,Lisle
1124,Lompoc
1125,Manteca
1126,Maxcanu
1127,Melrose
1128,Meoqui
1129,Natick
1130,New Ulm
1131,North Battleford
1132,Ogdensburg
1133,Mill Creek
1134,Monticello
1135,Moreno Valley
1136,Goffstown
1137,Grove City
1138,Guayama
1139,Hampton
1140,Hermosillo
1141,Hinsdale
1142,Hormigueros
1143,Johnstown
1144,Katy
1145,Kennewick
1146,Americus
1147,Ammon
1148,Anchorage
1149,Ardmore
1150,Overlea
1151,Palm Bay
1152,Palos Verdes Estates
1153,Parsons
1154,Perth Amboy
1155,Petersburg
1156,Pijijiapan
1157,Plant City
1158,Northglenn
1159,Odessa
1160,Glen Avon
1161,Glen Cove
1162,Glenview
1163,Gloucester
1164,Guanajuato
1165,Ionia
1166,Ixtapaluca
1167,Kahului
1168,Pearl
1169,Hobbs
1170,Iguala
1171,Gloucester City
1172,Golden Gate
1173,Golden Valley
1174,Goldenrod
1175,Goodlettsville
1176,Grand Rapids
1177,Grandview
1178,Grass Valley
1179,Greece
1180,Coatesville
1181,Cuautepec
1182,Downers Grove
1183,East Saint Louis
1184,Elk City
1185,Fairfax
1186,Flint
1187,Forest City
1188,Haslett
1189,Hayesville
1190,Hickory Hills
1191,Holbrook
1192,Hueytown
1193,Danbury
1194,Chemax
1195,Cienaga De Flores
1196,Ciudad Valles
1197,Vineland
1198,West Des Moines
1199,West Norriton
1200,Williamstown
1201,Yucca Valley
1202,Zionsville
1203,Lebanon
1204,Lincoln
1205,Lincolnia
1206,Livingston
1207,Los Lunas
1208,Los Mochis
1209,Lyons
1210,Magdalena
1211,Maltrata
1212,Kings Point
1213,Johnson City
1214,Jojutla
1215,La Habra
1216,Laguna Beach
1217,North Arlington
1218,North Atlanta
1219,Obregon
1220,Ocean Springs
1221,New Carrollton
1222,Niles
1223,Walla Walla
1224,Woodward
1225,Xonacatlan
1226,Yellowknife
1227,Taylor
1228,Taylors
1229,Tecpan
1230,Tepatitlan
1231,Tlaltenango
1232,Towson
1233,South Hill
1234,Steubenville
1235,Harker Heights
1236,Harvey
1237,Highlands Ranch
1238,Immokalee
1239,Islip
1240,Guadalupe
1241,Hawthorne
1242,Onalaska
1243,Palm Springs
1244,Quincy
1245,Redwood City
1246,Ridgecrest
1247,Robbinsdale
1248,Rosaryville
1249,Saint Charles
1250,Saltillo
1251,San Luis Potosi
1252,Sandalfoot Cove
1253,Sandusky
1254,Shelby
1255,Savage
1256,Searcy
1257,Ponce
1258,Spanish Fork
1259,Stanton
1260,Strathroy
1261,Barberton
1262,Bay Village
1263,Beachwood
1264,Beatrice
1265,Bellflower
1266,Blaine
1267,Bridgeview
1268,Casa Grande
1269,Cedar Falls
1270,Clinton
1271,West Hollywood
1272,Westwego
1273,White Rock
1274,Zacatepec
1275,Zion
1276,Azusa
1277,Carson
1278,Chippewa Falls
1279,South Miami Heights
1280,South Plainfield
1281,Summit
1282,Acatic
1283,Aldergrove
1284,Arvada
1285,Marlborough
1286,Mayfield
1287,Mentor
1288,Monterrey
1289,Moose Jaw
1290,Morgan Hill
1291,Temecula
1292,Tepalcatepec
1293,Tepalcingo
1294,Tepeapulco
1295,The Hammocks
1296,Tomball
1297,Toms River
1298,Totowa
1299,Townsend
1300,Tucson
1301,Tula De Allende
1302,Uruapan
1303,Valdosta
1304,Valparaiso
1305,Tantoyuca
1306,Tarpon Springs
1307,Vista
1308,Glendora
1309,Hazel Crest
1310,Hilo
1311,Jalacingo
1312,Jaltipan
1313,Kanasin
1314,Kerman
1315,Beech Grove
1316,Blue Springs
1317,Boulder City
1318,Bowie
1319,Colleyville
1320,Cuautlancingo
1321,Chalmette
1322,Champoton
1323,Charlotte
1324,Chignahuapan
1325,Burke
1326,Calkini
1327,Bethesda
1328,Platon Sanchez
1329,Port Angeles
1330,West Little River
1331,West Melbourne
1332,Wheeling
1333,Wilson
1334,Woburn
1335,Worcester
1336,Yecapixtla
1337,Lamont
1338,Lemoore
1339,Lomita
1340,Lynchburg
1341,Mokena
1342,Santee
1343,Sayreville
1344,Roselle Park
1345,Round Lake Beach
1346,Saint John
1347,Salt Lake City
1348,Shelton
1349,South Charleston
1350,Streetsboro
1351,Sulphur
1352,Kiryas Joel
1353,Marshall
1354,Maryville
1355,Hartford
1356,Paso Del Macho
1357,Patterson
1358,Kinston
1359,Malden
1360,Manhattan
1361,Maravatio
1362,Tustin
1363,Terryville
1364,Waukesha
1365,Waxahachie
1366,Sydney Mines
1367,Hooksett
1368,Huajuapan
1369,Huejotzingo
1370,Frontera Comalapa
1371,Gallup
1372,Endwell
1373,Federal Heights
1374,Fort Dodge
1375,Glendale Heights
1376,Glenvar Heights
1377,Indianola
1378,Izamal
1379,La Mirada
1380,Lake Oswego
1381,Lawrenceville
1382,Loves Park
1383,Lower Burrell
1384,Lynn
1385,Bastrop
1386,Bay Point
1387,Arvin
1388,Athol
1389,Atlazalpan
1390,American Canyon
1391,Fort Wayne
1392,Friendswood
1393,Gardendale
1394,Gillette
1395,Gutierrez Zamora
1396,Greer
1397,Gulfport
1398,Hilliard
1399,Hopewell
1400,Huntley
1401,Sayula
1402,San Carlos Park
1403,San Jose Del Castillo
1404,Sedro Woolley
1405,Fort Worth
1406,Gatesville
1407,Glen Burnie
1408,Godfrey
1409,Gresham
1410,Orizaba
1411,Owosso
1412,Peachtree City
1413,Pepperell
1414,Petatlan
1415,Petawawa
1416,Pittsfield
1417,Fort Payne
1418,Fostoria
1419,Fruitville
1420,Gantt
1421,Greensboro
1422,Jacksonville
1423,Janesville
1424,Jenison
1425,El Sobrante
1426,Elmwood Park
1427,Fairhope
1428,Miguel Auza
1429,Misantla
1430,Monclova
1431,Mooresville
1432,Mount Prospect
1433,Lake Forest Park
1434,Lake Worth
1435,Lexington Park
1436,Loma Bonita
1437,Lynn Haven
1438,Ocoyoacac
1439,Olean
1440,Jeannette
1441,Junction City
1442,Juventino Rosas
1443,Oroville
1444,Ozark
1445,Palmetto
1446,Provo
1447,Saco
1448,Saint Paul
1449,San Bruno
1450,Santa Clarita
1451,Santa Cruz Del Valle
1452,Santa Paula
1453,Paramount
1454,Parkland
1455,Pike Creek
1456,Piney Green
1457,Pleasant Grove
1458,Plymouth
1459,South Holland
1460,Stoneham
1461,Strathmore
1462,Seekonk
1463,Shawinigan
1464,Shoreline
1465,South Bend
1466,Sun Valley
1467,National City
1468,Norridge
1469,North Augusta
1470,North Laurel
1471,North Ogden
1472,North Potomac
1473,North Reading
1474,Oak Grove
1475,Oceanside
1476,Oxnard
1477,Palm Valley
1478,Maple Valley
1479,Belton
1480,Belvidere
1481,Berkeley
1482,Bountiful
1483,Burbank
1484,Capulhuac
1485,Carmichael
1486,Catalina Foothills
1487,Cholula
1488,Zephyrhills
1489,Yuriria
1490,Denison
1491,Apodaca
1492,Artesia
1493,Auburn Hills
1494,Balancan
1495,Beaver Dam
1496,Belchertown
1497,Belle Glade
1498,Bentonville
1499,Bradley
1500,Canton
1501,Wichita Falls
1502,Winter Garden
1503,Woodridge
1504,Yajalon
1505,Charlottetown
1506,Clive
1507,Columbus
1508,Coon Rapids
1509,Corsicana
1510,Temascalcingo
1511,Tizapan El Alto
1512,Tlanalapan
1513,Tulare
1514,Uniontown
1515,Camp Verde
1516,Cedarburg
1517,College Park
1518,Constitucion
1519,Corinth
1520,Amecameca
1521,Annapolis
1522,Belmont
1523,Billings
1524,Binghamton
1525,Chiapa
1526,Atascocita
1527,Aurora
1528,Baldwin
1529,Batavia
1530,Ponca City
1531,Poquoson
1532,Scarsdale
1533,Roseville
1534,Roy
1535,Sabinas Hidalgo
1536,Saint Augustine
1537,San Gabriel
1538,Redondo Beach
1539,Robstown
1540,Danvers
1541,De Land
1542,Dickinson
1543,Dorado
1544,Duarte
1545,Duncanville
1546,Eden
1547,El Llano
1548,Elwood
1549,Fairborn
1550,Frankfort
1551,Freehold
1552,Gilroy
1553,Sherbrooke
1554,Somerville
1555,Davenport
1556,Deerfield Beach
1557,Del City
1558,Deltona
1559,Waimalu
1560,Wake Forest
1561,West Milford
1562,West New York
1563,Willoughby
1564,East Bethel
1565,El Dorado
1566,Emiliano Zapata
1567,Fairhaven
1568,Fairview Park
1569,Marrero
1570,Merritt Island
1571,Nantucket
1572,Lake Grove
1573,Lake In The Hills
1574,Laurel
1575,Lincolnwood
1576,Kitchener
1577,La Mira
1578,Newburg
1579,North Druid Hills
1580,Ocoee
1581,Lawndale
1582,Leesburg
1583,Lehigh Acres
1584,La Canada
1585,Kings Mountain
1586,Santa Maria Del Rio
1587,Piedras Negras
1588,Playa Del Carmen
1589,Pleasantville
1590,Portsmouth
1591,Rosemead
1592,Saginaw
1593,Salmon Creek
1594,Perrysburg
1595,Petaluma
1596,Phenix City
1597,Rimouski
1598,Ramona
1599,Red Deer
1600,Norristown
1601,North Adams
1602,North Saint Paul
1603,Norwell
1604,Novi
1605,Okemos
1606,Roselle
1607,San Anselmo
1608,Saratoga Springs
1609,Scranton
1610,Sheboygan
1611,Tallahassee
1612,Redford
1613,Jacona
1614,Honolulu
1615,Huntington Park
1616,Brantford
1617,Casimiro Castillo
1618,Alhambra
1619,Deer Park
1620,Dickson
1621,Cheektowaga
1622,Chesterton
1623,Choctaw
1624,Colesville
1625,Columbia
1626,Westport
1627,Wichita
1628,Wylie
1629,Yorkton
1630,Yucaipa
1631,Zaachila
1632,Zapotlanejo
1633,Tempoal
1634,Tequixquitla
1635,Warrensburg
1636,Warrensville Heights
1637,Watertown
1638,Webster Groves
1639,Tulsa
1640,Valtierrilla
1641,Oluta
1642,Ometepec
1643,Oxkutzcab
1644,Palos Hills
1645,Redan
1646,Rockland
1647,Romeoville
1648,Guaymas
1649,Hamptons At Boca Raton
1650,Harper Woods
1651,Inver Grove Heights
1652,Jamestown
1653,Jersey City
1654,Poway
1655,Prescott
1656,Royal Palm Beach
1657,Raymore
1658,Red Bank
1659,Rexburg
1660,Rincon De Tamayo
1661,Rome
1662,Cameron Park
1663,Camrose
1664,Casper
1665,Cedar Hill
1666,Mastic Beach
1667,Medfield
1668,Mesa
1669,Loveland
1670,Manuel Doblado
1671,Uriangato
1672,Uxbridge
1673,Valley Station
1674,Van Wert
1675,Waltham
1676,Waterloo
1677,Wayland
1678,Danville
1679,Dekalb
1680,Detroit
1681,Coatlinchan
1682,Crystal
1683,Donna
1684,Bridgeton
1685,Orlando
1686,Oteapan
1687,Pella
1688,Penjamo
1689,Perris
1690,Port Orange
1691,Wheat Ridge
1692,Aberdeen
1693,Asuncion Nochixtlan
1694,Ahome
1695,Amherst Center
1696,Arlington Heights
1697,Asbury Park
1698,East Northport
1699,Egypt Lake Leto
1700,El Fuerte
1701,Ellington
1702,Elmira
1703,Encarnacion
1704,Everett
1705,Fernandez
1706,Festus
1707,Fillmore
1708,Fontana
1709,Kelowna
1710,Kelso
1711,Key Largo
1712,Kingsburg
1713,Ladson
1714,Lombardia
1715,Lynwood
1716,Mapastepec
1717,Lansdale
1718,Mission
1719,Newport Beach
1720,Niceville
1721,North Bethesda
1722,North Marysville
1723,North Palm Beach
1724,Chantilly
1725,Cheran
1726,Cheyenne
1727,Easton
1728,Elizabethtown
1729,Holden
1730,Houston
1731,Ensenada
1732,Fajardo
1733,Fern Creek
1734,Fort Lee
1735,Miahuatlan
1736,Mobile
1737,Montreal
1738,Moore
1739,Nogales
1740,North Lindenhurst
1741,North Port
1742,Oconomowoc
1743,Octopan
1744,Mount Pleasant
1745,Nanacamilpa
1746,Mexico
1747,Torrington
1748,Seguin
1749,Teocaltiche
1750,Tetla
1751,Southfield
1752,Spring Hill
1753,Stockbridge
1754,Sudbury
1755,Tarimoro
1756,Sharon
1757,Shasta Lake
1758,Randolph
1759,Red Wing
1760,Reforma
1761,Reynosa
1762,Rock Springs
1763,Rosemont
1764,Salisbury
1765,San Agustin
1766,San Sebastian El Grande
1767,Beverly Hills
1768,Bexley
1769,Broken Arrow
1770,Cancun
1771,Central Point
1772,Cerro Azul
1773,Champlin
1774,South Miami
1775,Sterling
1776,Streamwood
1777,Sugar Hill
1778,Gonzalez
1779,Grapevine
1780,Great Falls
1781,Harrisonburg
1782,Ives Estates
1783,Jacinto City
1784,Kalispell
1785,Kewanee
1786,Maumelle
1787,Midwest City
1788,Mount Juliet
1789,Muncie
1790,Muskogee
1791,Piedmont
1792,Pleasanton
1793,Port Chester
1794,Porterville
1795,Pottstown
1796,Norco
1797,North Aurora
1798,Oakville
1799,Ogden
1800,Olympia
1801,Paducah
1802,Pekin
1803,Bellingham
1804,Cabo Rojo
1805,Carmel
1806,Cathedral City
1807,Chillum
1808,Chino Hills
1809,Arroyo Grande
1810,Ashtabula
1811,Atascadero
1812,Del Rio
1813,Denver
1814,Dixon
1815,Douglasville
1816,East Los Angeles
1817,Edina
1818,Eldersburg
1819,Estelle
1820,Eustis
1821,Fort Erie
1822,Fort Smith
1823,Franconia
1824,Garland
1825,Dubuque
1826,Duxbury
1827,East Lansing
1828,Ecatepec
1829,Dearborn Heights
1830,Doctor Phillips
1831,Forest Lake
1832,Kingsport
1833,La Verne
1834,Lagos De Moreno
1835,Las Choapas
1836,Lauderdale Lakes
1837,Leduc
1838,Sherrelwood
1839,Saint Louis Park
1840,San Marino
1841,Channelview
1842,Cherryland
1843,Clemmons
1844,Coacalco
1845,Crowley
1846,Cutlerville
1847,Seattle
1848,Sedalia
1849,Seymour
1850,Sharonville
1851,Shrewsbury
1852,Simi Valley
1853,Simpsonville
1854,Socastee
1855,Stockton
1856,Morristown
1857,Nealtican
1858,Nicholasville
1859,Langley Park
1860,Millbrook
1861,Milwaukie
1862,Mission Bend
1863,Panthersville
1864,Panuco
1865,Pewaukee
1866,Pullman
1867,North Valley
1868,Raynham
1869,Maynard
1870,Midland
1871,Minot
1872,Murray
1873,Nixa
1874,Noblesville
1875,Nuevo Laredo
1876,Ridgewood
1877,Peabody
1878,Westminster
1879,Wabash
1880,Wallaceburg
1881,Hanover Park
1882,Goodyear
1883,Lake Wales
1884,Lilburn
1885,Little Elm
1886,La Quinta
1887,Hammond
1888,Hamtramck
1889,Helena
1890,Huntington
1891,Kenora
1892,Kentville
1893,Albertville
1894,Aldama
1895,Ingersoll
1896,Greenfield
1897,Guttenberg
1898,Hawaiian Gardens
1899,Henderson
1900,Holladay
1901,Hope Mills
1902,Hopkinsville
1903,Compton
1904,Cranston
1905,Grand Terrace
1906,Franklin Lakes
1907,Fredonia
1908,Frontera
1909,Escanaba
1910,Evans
1911,Evansville
1912,Fair Lawn
1913,Fairland
1914,Flagstaff
1915,Rancho Santa Margarita
1916,Rutland
1917,San Juan De Las Huertas
1918,Ottumwa
1919,Parkersburg
1920,Pinole
1921,Pompano Beach
1922,North Charleston
1923,South Daytona
1924,South Euclid
1925,Joppatowne
1926,Hamilton
1927,Hays
1928,Hercules
1929,Lake Zurich
1930,Mexicali
1931,Miami Lakes
1932,Minden
1933,Mounds View
1934,Macuspana
1935,Marquette
1936,Matias Romero
1937,Mehlville
1938,Melville
1939,Yarmouth
1940,Zihuatanejo
1941,Tenafly
1942,Tenango De Arista
1943,Tenango De Rio Blanco
1944,Town And Country
1945,Owasso
1946,Quesnel
1947,Redmond
1948,Rockford
1949,West Jordan
1950,West Valley City
1951,Whitewater
1952,Patzcuaro
1953,Port Arthur
1954,Glen Ellyn
1955,Glens Falls
1956,Goshen
1957,Herrin
1958,Highland Park
1959,Ewing
1960,Fort Hunt
1961,Pinewood
1962,Atencingo
1963,Bellwood
1964,Bismarck
1965,Boone
1966,Borger
1967,Brookings
1968,Canby
1969,Cedar Grove
1970,Sarasota
1971,Saucillo
1972,Scotts Valley
1973,Shirley
1974,Acatlan
1975,Altotonga
1976,Anniston
1977,Arandas
1978,Sombrerete
1979,South Laurel
1980,South Portland
1981,South Yuba City
1982,Clawson
1983,Cleburne
1984,Cleveland Heights
1985,Tucker
1986,Acton
1987,Ann Arbor
1988,Ansonia
1989,Arlington
1990,Autopan
1991,Sunrise
1992,Sussex
1993,Ware
1994,Weslaco
1995,West Haven
1996,West Linn
1997,Worth
1998,Xalmimilulco
1999,Powder Springs
2000,Radford
2001,Lloydminster
2002,Mandeville
2003,Marana
2004,Shiloh
2005,Rockledge
2006,Goldsboro
2007,Green River
2008,Grosse Pointe Park
2009,Hasbrouck Heights
2010,Hattiesburg
2011,Hilton Head Island
2012,Hingham
2013,Kansas City
2014,Teolocholco
2015,Tilsonburg
2016,Tlaltizapan
2017,Tlaxco
2018,Trancoso
2019,South El Monte
2020,Stony Brook
2021,Doraville
2022,East Cleveland
2023,East Highland Park
2024,Darby
2025,Acatzingo
2026,Alexander City
2027,Anderson
2028,Apatlaco
2029,Atotonilco El Alto
2030,Baldwin Park
2031,Baltimore
2032,Barrington
2033,Baton Rouge
2034,Beloit
2035,Blythe
2036,Bonita Springs
2037,Bozeman
2038,Bucyrus
2039,Calhoun
2040,Carbondale
2041,Chiconcuac
2042,Cockeysville
2043,Coral Springs
2044,Costa Rica
2045,Cuautitlan
2046,Camp Springs
2047,Cananea
2048,Centennial
2049,Chilliwack
2050,Cuauhtemoc
2051,Dale City
2052,Coachella
2053,Colotlan
2054,Orange
2055,Oxford
2056,Tehuantepec
2057,Tequisquiapan
2058,Texmelucan
2059,Springfield
2060,Sunnyvale
2061,Valle De Bravo
2062,Saskatoon
2063,Sauk Village
2064,Mint Hill
2065,Mitchell
2066,Monterey
2067,North Haven
2068,Okotoks
2069,Olathe
2070,Pinecrest
2071,Neenah
2072,Marlton
2073,Martinsburg
2074,Medicine Hat
2075,Zacapu
2076,West Covina
2077,Westfield
2078,Willowick
2079,Watauga
2080,Alton
2081,Apaseo El Alto
2082,New Baltimore
2083,New Smyrna Beach
2084,Nicolas Romero
2085,Martha Lake
2086,Merrydale
2087,Ojus
2088,Moncton
2089,Gladstone
2090,Green
2091,Grosse Pointe Woods
2092,Brookfield
2093,Buckingham
2094,Carolina
2095,Las Vegas
2096,Lehi
2097,Davie
2098,Olney
2099,Palm Coast
2100,Actopan
2101,Adrian
2102,Birmingham
2103,Bloomsburg
2104,Bristol
2105,Coatzintla
2106,Frederick
2107,Holyoke
2108,Huatabampo
2109,Coos Bay
2110,Crestline
2111,Crestview
2112,Cross Lanes
2113,Fort Thomas
2114,Galveston
2115,Hudson
2116,Duluth
2117,East Renton Highlands
2118,Edmonton
2119,San Dimas
2120,Spokane
2121,New Glasgow
2122,Tifton
2123,Middle Valley
2124,Momoxpan
2125,Wanaque
2126,Waterville
2127,Trussville
2128,Tyler
2129,Tolland
2130,Laplace
2131,Leawood
2132,Lindsay
2133,Logan
2134,Manhattan Beach
2135,Manville
2136,Maple Shade
2137,Lacey
2138,Tecamachalco
2139,Thibodaux
2140,University Place
2141,Victor Rosales
2142,Sterling Heights
2143,Storrs
2144,Summerside
2145,Warrington
2146,Seaford
2147,Sioux Falls
2148,San Luis De La Paz
2149,Glasgow
2150,Hammonton
2151,Hanson
2152,Hershey
2153,Hialeah Gardens
2154,Hollywood
2155,Hopkins
2156,Jasmine Estates
2157,La Mesa
2158,Lansing
2159,Las Rosas
2160,Linda
2161,Lindenwold
2162,Little Chute
2163,Livonia
2164,Los Reyes
2165,Ludlow
2166,Marietta
2167,Mission Viejo
2168,Munhall
2169,New Cassel
2170,North Amityville
2171,North Canton
2172,Northbrook
2173,Fergus
2174,Foster City
2175,Decatur
2176,Dentsville
2177,East Ridge
2178,Elk Grove
2179,Bellefontaine
2180,Big Rapids
2181,Bogalusa
2182,Bossier City
2183,Brook Park
2184,Brooks
2185,Brunswick
2186,Capilla De Guadalupe
2187,Acushnet
2188,Agua Dulce
2189,Aguascalientes
2190,Altamonte Springs
2191,Coamo
2192,Riviera Beach
2193,Rolla
2194,Placentia
2195,Port Saint Lucie
2196,Pottsville
2197,Peto
2198,Bonita
2199,Abasolo
2200,Amos
2201,Arnold
2202,Bryant
2203,Buffalo Grove
2204,Cadillac
2205,Cedar Park
2206,Channahon
2207,Charcas
2208,Chesterfield
2209,Carson City
2210,Chilapa
2211,Anoka
2212,Arcadia
2213,West Hartford
2214,West Springfield
2215,Yakima
2216,Yaqui
2217,Barrie
2218,Whitchurch Stouffville
2219,Winnipeg
2220,Axochiapan
2221,Calvillo
2222,Cocoa Beach
2223,Crossville
2224,Prairie Village
2225,Green Bay
2226,Garner
2227,Howard
2228,Gustavo Diaz Ordaz
2229,La Cruz
2230,Faribault
2231,Foothill Farms
2232,Fort Carson
2233,Dzitbalche
2234,Eagle Pass
2235,Easley
2236,East Massapequa
2237,Elizabeth City
2238,Elizabeth
2239,Olympia Heights
2240,Opelousas
2241,Ottawa
2242,Owensboro
2243,Long Branch
2244,Mansfield
2245,Merrillville
2246,Oneida
2247,Overland
2248,North Providence
2249,Oak Harbor
2250,Moorpark
2251,Mountain Brook
2252,Newington
2253,Millburn
2254,Milwaukee
2255,Allen
2256,Baraboo
2257,Baytown
2258,Bellmawr
2259,Brookline
2260,Cherry Hill
2261,Ajoloapan
2262,Bartlett
2263,Bensenville
2264,Cape Girardeau
2265,Athens
2266,Atlacomulco
2267,Downey
2268,Drummondville
2269,East Haven
2270,Eastlake
2271,Eden Prairie
2272,Des Plaines
2273,Phoenixville
2274,Queretaro
2275,Renton
2276,Rafael Lara Grajales
2277,Saddle Brook
2278,Hanover
2279,Hazleton
2280,Fortuna
2281,Huixquilucan
2282,Commack
2283,Cosamaloapan
2284,Cullman
2285,Lake City
2286,Shafter
2287,Snyder
2288,San Gabriel Casa Blanca
2289,Sandwich
2290,Southgate
2291,Tavares
2292,Terre Haute
2293,Thornton
2294,Tonawanda
2295,Tooele
2296,Twinsburg
2297,Uman
2298,Westerly
2299,White Bear Lake
2300,White Center
2301,Wixom
2302,Visalia
2303,Ironton
2304,Iselin
2305,Juchitan
2306,Kaysville
2307,Kenosha
2308,Eastchester
2309,Elkridge
2310,Elyria
2311,New Braunfels
2312,New Orleans
2313,Santiago Tuxtla
2314,Scottsboro
2315,River Forest
2316,Salmon Arm
2317,Marshalltown
2318,Tewksbury
2319,Tiffin
2320,Shoreview
2321,North Highlands
2322,Ojinaga
2323,Pico Rivera
2324,Pikesville
2325,West Allis
2326,Wahiawa
2327,Leavenworth
2328,Los Gatos
2329,Lyndhurst
2330,Madera
2331,Magalia
2332,Makakilo City
2333,Mamaroneck
2334,Independence
2335,Inglewood
2336,Kihei
2337,Laconia
2338,Lake Forest
2339,Lake Saint Louis
2340,Libres
2341,San Leandro
2342,San Marcos
2343,San Martin De Las Piramides
2344,Revere
2345,Southaven
2346,Stony Point
2347,Grayslake
2348,Gastonia
2349,Germantown
2350,Hermitage
2351,Hesperia
2352,Hoover
2353,Huejutla
2354,Jalpa
2355,Juchitepec
2356,Dolbeau
2357,Dunn
2358,Forest Acres
2359,Kent
2360,Farmers Branch
2361,Keller
2362,Jericho
2363,Kamloops
2364,Republic
2365,Ruston
2366,De Pere
2367,Edgewater
2368,Maryland Heights
2369,Massapequa
2370,Maywood
2371,Meadville
2372,Montgomery Village
2373,Sunland Park
2374,Tacambaro
2375,North Ridgeville
2376,Nuevo San Juan Parangaricutiro
2377,Ocosingo
2378,Las Guacamayas
2379,Ledyard
2380,Peekskill
2381,Villahermosa
2382,Warren
2383,Wasco
2384,Wayne
2385,West Paterson
2386,Wheaton
2387,Yuma
2388,Zapotiltic
2389,Acuna
2390,Clovis
2391,Cueramaro
2392,Zapopan
2393,Avenal
2394,Bacalar
2395,Cumberland
2396,Bennington
2397,Brooklyn
2398,Burleson
2399,Burnsville
2400,Burton
2401,Cahokia
2402,Caguas
2403,Topsham
2404,Tukwila
2405,Valley Stream
2406,Van Buren
2407,Bostonia
2408,Sunset
2409,Brea
2410,Tacoma
2411,Takoma Park
2412,West Columbia
2413,Windsor
2414,Zumpango
2415,Cookeville
2416,Coppell
2417,Cupertino
2418,Washougal
2419,Waukegan
2420,Raleigh
2421,Miamisburg
2422,Milton
2423,Rio Bravo
2424,Rock Island
2425,Huimanguillo
2426,Huitzuco
2427,North Bay Shore
2428,North Decatur
2429,Anahuac
2430,Banning
2431,Bourbonnais
2432,Calabasas
2433,Colima
2434,Corcoran
2435,Guadalupe Victoria
2436,Haltom City
2437,Hannibal
2438,Holt
2439,Palatka
2440,Paracho
2441,San Luis Obispo
2442,Framingham
2443,Fredericton
2444,South Orange
2445,Stevens Point
2446,Riviere Du Loup
2447,Roseburg
2448,Aiken
2449,Somers
2450,Passaic
2451,Pembroke
2452,Pine Hill
2453,Piqua
2454,Port Charlotte
2455,Seabrook
2456,Sedona
2457,Smithfield
2458,Painesville
2459,Bayshore Gardens
2460,Bradford
2461,Cedar City
2462,Conneaut
2463,Corning
2464,Corozal
2465,Crown Point
2466,Cypress
2467,Aliso Viejo
2468,Asheville
2469,Berwyn
2470,Braintree
2471,Celaya
2472,Centreville
2473,Cleveland
2474,Affton
2475,Kirkland
2476,Layton
2477,Little Rock
2478,Nacozari
2479,Naperville
2480,Northfield
2481,Oaxaca
2482,Macon
2483,Kings Park
2484,Lenoir
2485,Libertyville
2486,Lubbock
2487,Lumberton
2488,Macedonia
2489,San Juan Del Rio
2490,Port Hope
2491,Granite City
2492,Greenbelt
2493,Hopatcong
2494,Horsham
2495,Jacksonville Beach
2496,Jupiter
2497,Kentwood
2498,Citrus Park
2499,Apple Valley
2500,Ario
2501,Euless
2502,Speedway
2503,State College
2504,Coram
2505,Council Bluffs
2506,Severn
2507,Shenandoah
2508,Lake Shore
2509,Laredo
2510,New Philadelphia
2511,North Berwick
2512,Oil City
2513,Escondido
2514,Ezequiel Montes
2515,Fair Oaks
2516,Fairview Shores
2517,Freeport
2518,Dallas
2519,East Chicago
2520,Rancho Cordova
2521,Richfield
2522,Ontario
2523,Pabellon De Arteaga
2524,Palestine
2525,Palm City
2526,Palmer
2527,Atlantic Beach
2528,Altepexi
2529,Sorel
2530,South Saint Paul
2531,Fergus Falls
2532,La Grange
2533,Pichucalco
2534,Tamazunchale
2535,Teapa
2536,Tekax
2537,Tinton Falls
2538,Tixkokob
2539,Tixtla
2540,Tlaquiltenango
2541,Wethersfield
2542,Xicohtzinco
2543,Fulton
2544,Los Alamos
2545,Moberly
2546,Morganton
2547,New London
2548,Hermiston
2549,High Point
2550,Saratoga
2551,Saugus
2552,Shaker Heights
2553,South Salt Lake
2554,Guymon
2555,Hawkesbury
2556,Homewood
2557,Hurst
2558,Connersville
2559,Covina
2560,Dolores Hidalgo
2561,East Peoria
2562,Eau Claire
2563,Edinburg
2564,El Centro
2565,El Grullo
2566,Tulancingo
2567,Tlapa
2568,Glassboro
2569,Grand Island
2570,West Carson
2571,West Lafayette
2572,White Oak
2573,Whitefish Bay
2574,Wilmington Island
2575,Windsor Locks
2576,Teoloyucan
2577,Prescott Valley
2578,Puerto Escondido
2579,Rancho San Diego
2580,Rosarito
2581,San Benito
2582,Sapulpa
2583,Park Forest
2584,Pflugerville
2585,Smyrna
2586,Solana Beach
2587,Swansea
2588,Sylvan Lake
2589,Syosset
2590,South Milwaukee
2591,Shakopee
2592,North Mankato
2593,Northport
2594,Nutley
2595,Navolato
2596,Morton Grove
2597,Mishawaka
2598,Indiana
2599,King Of Prussia
2600,Omaha
2601,Owatonna
2602,Dyer
2603,East Orange
2604,El Mirage
2605,Garfield
2606,Felipe Carrillo Puerto
2607,Fort Lauderdale
2608,Harwich
2609,Dawson Creek
2610,Delano
2611,Dumont
2612,East Providence
2613,Naples
2614,Naucalpan
2615,Norton Shores
2616,Oak Forest
2617,Sachse
2618,Saint Michael
2619,Salvatierra
2620,Reidsville
2621,Acala
2622,Ameca
2623,Arecibo
2624,Lawton
2625,Laguna Niguel
2626,East Longmeadow
2627,Marion
2628,Middleton
2629,Moultrie
2630,Yonkers
2631,Haddonfield
2632,Hemet
2633,Hidalgo
2634,Kilgore
2635,West Babylon
2636,West Puente Valley
2637,West Sacramento
2638,Warner Robins
2639,Wausau
2640,Findlay
2641,Cocoa
2642,Coffeyville
2643,Culver City
2644,Pooler
2645,Progreso
2646,Quebec
2647,Opelika
2648,Palmdale
2649,Peterborough
2650,Morris
2651,Muzquiz
2652,Nanuet
2653,Naugatuck
2654,North Miami Beach
2655,Ojo Caliente
2656,Temple
2657,Tesistan
2658,Tihuatlan
2659,Timmins
2660,Virginia Beach
2661,Wantagh
2662,Palm Harbor
2663,Richton Park
2664,Rockville
2665,Westbrook
2666,Wooster
2667,Pecan Grove
2668,Plantation
2669,Seminole
2670,Avon
2671,Barstow
2672,Bay City
2673,South Sioux City
2674,Spruce Grove
2675,Sumter
2676,Agua Prieta
2677,Vadnais Heights
2678,Duncan
2679,East Bridgewater
2680,Gomez Palacio
2681,Gulf Gate Estates
2682,Melbourne
2683,Missoula
2684,Lake Ronkonkoma
2685,Leisure City
2686,Louisville
2687,Kennett
2688,Irondequoit
2689,Issaquah
2690,Jenks
2691,Hanford
2692,La Canada Flintridge
2693,La Riviera
2694,Tuskegee
2695,Amarillo
2696,Anaheim
2697,Collingwood
2698,Columbine
2699,Alameda
2700,Beacon
2701,West Freehold
2702,Whitman
2703,Yorba Linda
2704,Tianguistenco
2705,Valle De Santiago
2706,Brewster
2707,Broadview Heights
2708,Grosse Ile
2709,Guthrie
2710,Hamden
2711,Horn Lake
2712,Elliot Lake
2713,Peoria
2714,Rancho Palos Verdes
2715,Raytown
2716,River Falls
2717,Saint Georges
2718,Tenosique
2719,Los Alamitos
2720,Madison
2721,Madisonville
2722,Manitowoc
2723,Mount Dora
2724,New Brunswick
2725,Oildale
2726,Justice
2727,New Brighton
2728,Newberry
2729,Easthampton
2730,Elk River
2731,Huauchinango
2732,Huntsville
2733,Palenque
2734,Paradise
2735,Pine Bluff
2736,Reno
2737,San Buenaventura
2738,San Salvador El Seco
2739,San Sebastian
2740,Sylacauga
2741,Statesboro
2742,Westmont
2743,Zachary
2744,Zacatecas
2745,Zacatelco
2746,Garza Garcia
2747,Greeley
2748,Brent
2749,Buffalo
2750,Franklin Square
2751,Citrus
2752,Comitan
2753,El Paso
2754,Eufaula
2755,Bettendorf
2756,San Miguel El Alto
2757,Santa Rosalia
2758,Cudahy
2759,Verona
2760,West Hempstead
2761,Whitehall
2762,Williston
2763,Wood Dale
2764,Wauwatosa
2765,Kearny
2766,Pinehurst
2767,Pittsburg
2768,Kingston
2769,Sartell
2770,Port Lavaca
2771,Pell City
2772,Lake Ridge
2773,Lakewood
2774,Lemay
2775,Lexington
2776,Claremont
2777,Coatepec
2778,Crawfordsville
2779,Cuilapam
2780,Bardstown
2781,Cartersville
2782,Carthage
2783,Bakersfield
2784,Berkeley Heights
2785,Billerica
2786,Butte
2787,Claremore
2788,Allouez
2789,Nashua
2790,Newton
2791,Norman
2792,Manassas
2793,Medford
2794,Melrose Park
2795,Mililani Town
2796,Millville
2797,Morgan City
2798,Little Ferry
2799,Rosedale
2800,Rutherford
2801,Ramos Arizpe
2802,Rogers
2803,Lake Mary
2804,Lakeland
2805,Montclair
2806,Muskegon Heights
2807,New Bern
2808,La Puente
2809,North Branch
2810,North Creek
2811,North Las Vegas
2812,Odenton
2813,San Fernando
2814,Shively
2815,Sidney
2816,Skokie
2817,Tamuin
2818,Tecate
2819,Normal
2820,North Royalton
2821,Oak Ridge
2822,Farragut
2823,Foxborough
2824,Franklin Park
2825,Gary
2826,Starkville
2827,Steger
2828,Suchiapa
2829,Teziutlan
2830,Tezoyuca
2831,Tlaxiaco
2832,Ukiah
2833,Veracruz
2834,Kapaa
2835,Grand Prairie
2836,Groveton
2837,Guerrero Negro
2838,Huamantla
2839,Huntington Beach
2840,Huron
2841,Galena Park
2842,Lawrence
2843,Leeds
2844,Lexington Fayette
2845,Youngstown
2846,Hillside
2847,Huixtla
2848,Humacao
2849,Memphis
2850,La Grande
2851,Caledonia
2852,Chesapeake
2853,Chowchilla
2854,Colonial Park
2855,Yeehaw Junction
2856,Chattanooga
2857,Compostela
2858,Carol Stream
2859,Brownsburg
2860,Richmond Heights
2861,Rio Linda
2862,Poplar Bluff
2863,Pacifica
2864,Greensburg
2865,Iowa City
2866,Pampa
2867,Orland Park
2868,Park Ridge
2869,Schenectady
2870,North Andover
2871,Ocala
2872,Okmulgee
2873,White Plains
2874,Windham
2875,Villa Rica
2876,Shorewood
2877,Slidell
2878,Secaucus
2879,Olivehurst
2880,Pahrump
2881,North Olmsted
2882,Point Pleasant
2883,Orillia
2884,Papantla
2885,River Grove
2886,New Berlin
2887,North Babylon
2888,North Branford
2889,Nuevo Mexico
2890,Sweetwater
2891,Mastic
2892,Miami Shores
2893,Lafayette
2894,Simcoe
2895,Hastings
2896,Drexel Heights
2897,Escarcega
2898,Fernley
2899,Florida Ridge
2900,Pine Hills
2901,Gainesville
2902,Wellesley
2903,Winfield
2904,Woodburn
2905,Ahualulco
2906,Arcelia
2907,Idylwood
2908,Clayton
2909,Cuautla
2910,Vincennes
2911,Williams Lake
2912,Wolcott
2913,Truro
2914,Vancouver
2915,Somersworth
2916,Chanhassen
2917,Charleston
2918,Aliquippa
2919,Puente De Ixtla
2920,Saint Peters
2921,Ridgefield
2922,Paterson
2923,Pennsauken
2924,North Richland Hills
2925,Oakley
2926,Dunmore
2927,Elmhurst
2928,Emmaus
2929,Fort Stewart
2930,Gallatin
2931,Englewood
2932,Erie
2933,Dania Beach
2934,Drexel Hill
2935,East Millcreek
2936,East Norriton
2937,East Palo Alto
2938,East Wenatchee Bench
2939,Taxco
2940,Tepeji
2941,Toronto
2942,Troutdale
2943,Tupelo
2944,South Hadley
2945,Streator
2946,University Park
2947,Valle Hermoso
2948,Mineral Del Monte
2949,Montgomery
2950,Hartselle
2951,Keene
2952,Lunenburg
2953,Melvindale
2954,Liberty
2955,North Platte
2956,Newburyport
2957,Niagara Falls
2958,Corona
2959,Prattville
2960,Christiansburg
2961,Cunduacan
2962,Algonquin
2963,Eunice
2964,Elfers
2965,Blue Island
2966,Bourne
2967,Ensley
2968,Mason
2969,Mesquite
2970,Moss Point
2971,West Chicago
2972,West Memphis
2973,Waco
2974,Huilango
2975,Huntersville
2976,Wildwood
2977,Willingboro
2978,Waynesboro
2979,Livermore
2980,Joplin
2981,Darien
2982,Dolton
2983,Kanata
2984,Kennebunk
2985,Farmington Hills
2986,Markham
2987,Prospect Heights
2988,Southbridge
2989,Oakland
2990,Temixco
2991,Tullahoma
2992,Tustin Foothills
2993,Escuinapa
2994,Evanston
2995,Holiday
2996,Apatzingan
2997,Atlautla
2998,Boynton Beach
2999,Broomall
3000,Central Islip
3001,Welby
3002,West Chester
3003,Zimapan
3004,Twin Falls
3005,University City
3006,Vestavia Hills
3007,Vicente Guerrero
3008,Vidalia
3009,Alvin
3010,Anenecuilco
3011,Talladega
3012,Tangancicuaro
3013,Murrieta
3014,North Lauderdale
3015,North Little Rock
3016,Northborough
3017,Tequixquiac
3018,Mendota Heights
3019,Tuscaloosa
3020,Twentynine Palms
3021,Clearwater
3022,Puruandiro
3023,Rancho Cucamonga
3024,Asheboro
3025,Bellmore
3026,Brecksville
3027,Apan
3028,Grande Prairie
3029,Great Bend
3030,Greenwood
3031,Kitimat
3032,Indio
3033,Jiquilpan
3034,Vernon Hills
3035,Castle Rock
3036,Central Falls
3037,Gaffney
3038,Cornelius
3039,Cabot
3040,Calverton
3041,Beeville
3042,Degollado
3043,Pendleton
3044,Pinotepa Nacional
3045,Pompton Lakes
3046,Port Washington
3047,Yauco
3048,Wadsworth
3049,Wakefield
3050,Lake Station
3051,Levittown
3052,Graham
3053,Guamuchil
3054,Hauterive
3055,Pearl River
3056,Oshkosh
3057,Palm Beach Gardens
3058,Cape Coral
3059,Chalco
3060,Avenel
3061,La Ceiba
3062,Schertz
3063,Eagle
3064,East Moline
3065,Effingham
3066,Nacogdoches
3067,Little Falls
3068,Irving
3069,Jalostotitlan
3070,Jefferson
3071,Wilbraham
3072,Wilsonville
3073,Saint Jerome
3074,Selden
3075,Pascagoula
3076,Penticton
3077,Tarrytown
3078,North Chicago
3079,Sugar Land
3080,Oneonta
3081,Paramus
3082,Port Alberni
3083,Reisterstown
3084,Sammamish
3085,Seatac
3086,Lowell
3087,Stephenville
3088,Vermillion
3089,Sunrise Manor
3090,San Juan Capistrano
3091,San Antonio De La Cal
3092,Trois Rivieres
3093,Westlake
3094,Xoxtla
3095,Waipahu
3096,Lindenhurst
3097,Lorain
3098,Lake Charles
3099,Leander
3100,Shawnee
3101,Portage
3102,Pueblo
3103,Solon
3104,South San Jose Hills
3105,Stillwater
3106,Swift Current
3107,Temple City
3108,Tizayuca
3109,Uvalde
3110,Ventnor City
3111,Mount Kisco
3112,Muskegon
3113,Martinez
3114,Matehuala
3115,North Plainfield
3116,North Wantagh
3117,Mercer Island
3118,Holtsville
3119,Irmo
3120,Jaral Del Progreso
3121,Haverhill
3122,Herndon
3123,Hickory
3124,Paraiso
3125,Periban
3126,Culiacan
3127,Bedford Heights
3128,Bemidji
3129,Calexico
3130,Saint Peter
3131,Reedley
3132,Bethpage
3133,Bridgeport
3134,Campbellsville
3135,Grand Centre
3136,Hybla Valley
3137,Keizer
3138,Stuart
3139,Washington
3140,Lemont
3141,Lynden
3142,Magog
3143,Gloversville
3144,Goleta
3145,Fredericksburg
3146,Dover
3147,East Patchogue
3148,Eastpointe
3149,El Quince
3150,Coyotepec
3151,Dodge City
3152,Hillsboro
3153,Parma Heights
3154,Pierre
3155,Plano
3156,Soddy Daisy
3157,Coshocton
3158,Cranford
3159,Port Huron
3160,Rochester
3161,Traverse City
3162,Vernon
3163,Waupun
3164,Knoxville
3165,Fishers
3166,Fort Pierce
3167,New Hope
3168,Middle River
3169,Fenton
3170,Ferguson
3171,Puebla
3172,Maple Heights
3173,Southlake
3174,Nextlalpan
3175,Mill Valley
3176,Logansport
3177,Cuitlahuac
3178,Garcia
3179,East Grand Rapids
3180,Wilmington
3181,Wilton Manors
3182,La Poza
3183,Lynnwood
3184,Matamoros
3185,Mayaguez
3186,Menomonie
3187,Baie Comeau
3188,Midlothian
3189,Ridge
3190,Yukon
3191,Depew
3192,Florence
3193,Benton
3194,Bethany
3195,Akron
3196,Alliston
3197,Callaway
3198,West Lake Stevens
3199,Woodbridge
3200,Zinapecuaro
3201,Carol City
3202,Garfield Heights
3203,Essex
3204,Lazaro Cardenas
3205,Morton
3206,Motozintla
3207,Matthews
3208,Kingsland
3209,La Orilla
3210,Suffern
3211,Sunbury
3212,Rolling Meadows
3213,Jennings
3214,Wentzville
3215,Vallejo
3216,Valley Falls
3217,Tehuacan
3218,Newberg
3219,Andover
3220,Cloquet
3221,College
3222,Blytheville
3223,Brockville
3224,Carlsbad
3225,Yazoo City
3226,Westborough
3227,Xico
3228,Lewiston
3229,Flower Mound
3230,Fort Madison
3231,Collierville
3232,Culpeper
3233,Hagerstown
3234,Hillcrest Heights
3235,Sturgis
3236,Lathrop
3237,Amherst
3238,Dearborn
3239,Federal Way
3240,New Bedford
3241,New Britain
3242,New Castle
3243,North Merrick
3244,Ocotlan
3245,Morgantown
3246,North Miami
3247,North New Hyde Park
3248,Northview
3249,Prior Lake
3250,Zacualtipan
3251,Fayetteville
3252,Marinette
3253,Metuchen
3254,Mountain Home
3255,Atlixco
3256,Camden
3257,Castro Valley
3258,Cayey
3259,Overland Park
3260,Roanoke
3261,Rosemount
3262,Bessemer
3263,Phillipsburg
3264,Pomona
3265,Sulphur Springs
3266,Red Bluff
3267,Rockwall
3268,Kannapolis
3269,Chambersburg
3270,Chilac
3271,Cortland
3272,Cranbrook
3273,East Greenwich
3274,El Arenal
3275,West Plains
3276,Vandalia
3277,Warrenville
3278,Goose Creek
3279,Gorham
3280,Hopkinton
3281,Idaho Falls
3282,Taylorsville
3283,Westbury
3284,Whittier
3285,Xoxocotlan
3286,Sauk Rapids
3287,Seagoville
3288,Brownsville
3289,Coyuca
3290,Romulus
3291,Elk Plain
3292,Berriozabal
3293,Acaponeta
3294,Atenco
3295,Auburndale
3296,The Crossings
3297,Lackawanna
3298,Motul
3299,Mustang
3300,Elmont
3301,Hinesville
3302,Inkster
3303,Eldorado
3304,Kernersville
3305,Kennesaw
3306,Valladolid
3307,Vero Beach
3308,Thomasville
3309,Laguna Woods
3310,Las Cruces
3311,Levelland
3312,Branford
3313,Centereach
3314,Fond Du Lac
3315,Encinitas
3316,Euclid
3317,Eloy
3318,Gahanna
3319,Haines City
3320,Hillsdale
3321,Lawrenceburg
3322,Mauldin
3323,Morro Bay
3324,Lansdowne
3325,Palmetto Estates
3326,West Fargo
3327,North Auburn
3328,Saint George
3329,Yuba City
3330,Zanesville
3331,Glenn Dale
3332,Guilford
3333,Haverstraw
3334,Hecelchakan
3335,Jasper
3336,Victoriaville
3337,Waterbury
3338,Webb City
3339,Summerville
3340,Ticul
3341,Spring
3342,Strongsville
3343,Paragould
3344,Fairbanks
3345,Covington
3346,Cromwell
3347,Cuautitlan Izcalli
3348,Desert Hot Springs
3349,Gretna
3350,Huber Heights
3351,Hurricane
3352,Jiutepec
3353,Nava
3354,North Smithfield
3355,Rantoul
3356,Puerto Penasco
3357,Radcliff
3358,Augusta
3359,Avon Lake
3360,Norwalk
3361,Oldsmar
3362,West Islip
3363,White Settlement
3364,Wickliffe
3365,Shreveport
3366,Tlaxcala
3367,Waterford
3368,Waycross
3369,Bellevue
3370,Conway
3371,Cutler Ridge
3372,Tlacolula
3373,Sunnyside
3374,Suwanee
3375,Tampico
3376,Terrytown
3377,Tracy
3378,Mattoon
3379,Menasha
3380,Tecamac
3381,Teloloapan
3382,Walnut Park
3383,Watsonville
3384,Brownwood
3385,Pueblo Nuevo
3386,Milford
3387,Mineola
3388,East Stroudsburg
3389,Pochutla
3390,Elkton
3391,Merrimack
3392,Newburgh
3393,Paris
3394,Brandon
3395,Abbeville
3396,La Grange Park
3397,Allen Park
3398,Spanaway
3399,El Cajon
3400,Alderwood Manor
3401,Appleton
3402,Cottage Grove
3403,College Station
3404,Hibbing
3405,Delicias
3406,Ruiz
3407,Canandaigua
3408,Mandan
3409,Hempstead
3410,Turlock
3411,Tuxtla Gutierrez
3412,Tuxtla
3413,Kankakee
3414,Kokomo
3415,Highview
3416,Westland
3417,Buford
3418,Nampa
3419,Massapequa Park
3420,Lakeville
3421,Lombard
3422,Moline
3423,Cottonwood Heights
3424,Cuernavaca
3425,Cihuatlan
3426,Woodinville
3427,Highland Village
3428,Kendale Lakes
3429,Poncitlan
3430,Puyallup
3431,Parker
3432,Tlalmanalco
3433,Bend
3434,Cincinnati
3435,Clermont
3436,Kyle
3437,Lauderhill
3438,Miami Springs
3439,Nanaimo
3440,Desoto
3441,El Cerrito
3442,Fortin
3443,Coalinga
3444,Sevierville
3445,South Jordan
3446,Austintown
3447,Autlan
3448,Charlton
3449,Brenham
3450,Lerma
3451,Northlake
3452,Nueva Italia De Ruiz
3453,Groton
3454,Hugo
3455,Cheshire
3456,Draper
3457,Fort Washington
3458,East Hanover
3459,East Meadow
3460,Savannah
3461,Adelanto
3462,West Odessa
3463,Wyoming
3464,Yurecuaro
3465,Centerville
3466,Webster
3467,Xalapa
3468,Cutler
3469,Tuxtepec
3470,Villas
3471,Wekiva Springs
3472,Bluefield
3473,Holly Hill
3474,Enterprise
3475,Greenwich
3476,Zacoalco
3477,Victorville
3478,Urbana
3479,Zaragoza
3480,Waldorf
3481,Snellville
3482,Saint Petersburg
3483,Tampa
3484,Somers Point
3485,Oklahoma City
3486,Schererville
3487,Thetford Mines
3488,Smithtown
3489,Caldwell
3490,Texarkana
3491,Torrance
3492,Newark
3493,Fremont
3494,River Edge
3495,Roanoke Rapids
3496,Colorado Springs
3497,Copiague
3498,Hewitt
3499,Ithaca
3500,Joliette
3501,Calgary
3502,Springboro
3503,Suamico
3504,Colonial Heights
3505,Pittsburgh
3506,Boca Del Rio
3507,Mason City
3508,Medway
3509,Lynbrook
3510,Tlaquepaque
3511,West Mifflin
3512,Hutchinson
3513,Kalamazoo
3514,Citrus Heights
3515,Tala
3516,Mechanicsville
3517,Xochitepec
3518,Myrtle Beach
3519,Tecalitlan
3520,Jackson
3521,Cottonwood
3522,Beaverton
3523,Boston
3524,Urbandale
3525,Chicago Heights
3526,Lakeland Highlands
3527,American Fork
3528,Macomb
3529,Maplewood
3530,Lutz
3531,Uniondale
3532,Berea
3533,Abilene
3534,Neosho
3535,Cuyahoga Falls
3536,Zitacuaro
3537,Vienna
3538,Worthington
3539,Wauconda
3540,Vega Baja
3541,Tahlequah
3542,Aguadilla
3543,Meridian
3544,Saint Marys
3545,West Monroe
3546,Weatherford
3547,Dudley
3548,Lake Magdalene
3549,Brigham City
3550,Elkhart
3551,San Bartolo Del Llano
3552,Tlalancaleca
3553,South Houston
3554,Kaneohe
3555,Westwood
3556,Woodland
3557,Lacombe
3558,Woonsocket
3559,Dalton
3560,Truckee
3561,Weehawken
3562,Garden Grove
3563,San Jose Iturbide
3564,Vermilion
3565,Superior
3566,Sparks
3567,Bay Shore
3568,Wallington
3569,Tierra Colorada
3570,Venice
3571,San Bernardino
3572,Tepoztlan
3573,Sault Sainte Marie
3574,Farmingville
3575,Fords
3576,Thompson
3577,Rapid City
3578,Girard
3579,Willow Grove
3580,Wrentham
3581,Cocula
3582,Santa Catarina
3583,Salina
3584,West Palm Beach
3585,Huetamo
3586,Brawley
3587,Upland
3588,Converse
3589,Benton Harbor
3590,Coldwater
3591,Union
3592,Tlaltelulco
3593,Guaynabo
3594,Reston
3595,Tonala
3596,Sand Springs
3597,Haileybury
3598,El Reno
3599,Highland Springs
3600,Westerville
